Text,Category
"I recently went on a trip to Europe and visited amazing places.",Travel
"Cooking is my passion, and I love experimenting with new recipes.",Cooking
"I enjoy playing tennis and football with my friends on weekends.",Sports
"Planning a beach vacation for the summer holidays.",Travel
"I just tried a new recipe for chocolate cake, and it turned out delicious!",Cooking
"Attending the World Cup was an unforgettable experience.",Sports
"Exploring new cuisines and local dishes is my favorite part of traveling.",Travel
"I'm training for a marathon and running every morning.",Sports
"Trying out different pasta recipes this week.",Cooking
"Visited the Grand Canyon last month; the view was breathtaking.",Travel
"I'm a huge fan of soccer and never miss watching my favorite team play.",Sports
"Cooking a special dinner tonight for family and friends.",Cooking
"Going on a hiking trip to the mountains next weekend.",Travel
"Practicing yoga and meditation for relaxation and mental focus.",Sports
"Experimenting with grilling techniques for barbecue season.",Cooking
"Booked tickets for a music festival in another city.",Travel
"Playing basketball at the local court is my daily exercise routine.",Sports
"Trying out a new seafood recipe for a dinner party.",Cooking
"Exploring historic sites and museums during my vacation.",Travel
"Training for a triathlon requires a diverse fitness routine.",Sports
"Planning a road trip along the coast for a scenic drive.",Travel
"Experimenting with a new curry recipe for dinner tonight.",Cooking
"Exploring the art of sushi-making in a Japanese cooking class.",Cooking
"Backpacking through South America for a cultural journey.",Travel
"Morning jog followed by a high-intensity interval training session.",Sports
"Trying out a new dessert recipe for a weekend treat.",Cooking
"Booked tickets to attend the Olympics in the host city.",Sports
"Sampling local delicacies at a street food festival.",Travel
"Embarking on a solo backpacking adventure through Southeast Asia.",Travel
"Trying my hand at baking a classic French baguette from scratch.",Cooking
"Scoring a goal in the local soccer championship match.",Sports
"Exploring ancient ruins and archaeological sites in Greece.",Travel
"Experimenting with a spicy Indian curry recipe for dinner.",Cooking
"Attending a live baseball game and cheering for the home team.",Sports
"Sailing on a catamaran for a relaxing weekend getaway.",Travel
"Creating a colorful and nutritious salad with fresh ingredients.",Cooking
"Perfecting my golf swing at the nearby golf course.",Sports
"Visiting a vibrant local market to sample exotic fruits.",Travel
"Training for a triathlon with a mix of swimming, cycling, and running.",Sports
"Cooking a traditional Japanese ramen dish for a cozy dinner.",Cooking
"Exploring the breathtaking landscapes of Patagonia on a hiking trip.",Travel
"Cheering on my favorite basketball team in a nail-biting match.",Sports
"Attending a gourmet cooking class to learn new culinary techniques.",Cooking
"Embarking on a cross-country road trip to visit national parks.",Travel
"Skiing down the slopes and enjoying the winter wonderland.",Sports